<?xml version='1.0' encoding='UTF-8'?>
<system creation-date="2023-03-03 09:19:28.423000" desc="" enable="False" id="EEAD74D3-DC10-47BF-A629-5CEC9C94A753" last-modified-date="" name="IRB140_6_81_1"><applications><application name="RobotWare" version="6.15.1001"><settings><system-xml path="C:\Users\danil\OneDrive - Universidad Nacional de Colombia\Documentos\RobotStudio\Virtual Controllers\IRB140_6_81_1\system.xml" /><key-id path="C:\Users\danil\OneDrive - Universidad Nacional de Colombia\Documentos\RobotStudio\Virtual Controllers\IRB140_6_81_1\INTERNAL\key.id" /><setting-file path="C:\Users\danil\OneDrive - Universidad Nacional de Colombia\Documentos\RobotStudio\Virtual Controllers\IRB140_6_81_1\INTERNAL\controller.rsf" /></settings></application></applications></system>