<?xml version="1.0" encoding="iso-8859-1"?>
<Version>
  <Major>6</Major>
  <Minor>15</Minor>
  <Build>1001</Build>
  <Revision>01</Revision>
  <SubRevision>00</SubRevision>
  <BuildTag></BuildTag>
  <VersionName>6.15.01.00</VersionName>
  <RobAPICompatibilityRevision>0</RobAPICompatibilityRevision>
  <Title>RobotWare</Title>
  <Type>RobotWare</Type>
  <Description>Controller Software</Description>
  <Date>2023-02-03</Date>
  <MCTimeStamp>#08:33:06/Feb 03 2023#</MCTimeStamp>
</Version>